﻿<?xml version="1.0" encoding="utf-8"?>
<Package xmlns="http://schemas.microsoft.com/appx/2010/manifest" xmlns:build="http://schemas.microsoft.com/developer/appx/2012/build" IgnorableNamespaces="build">
  <!--
    THIS PACKAGE MANIFEST FILE IS GENERATED BY THE BUILD PROCESS.

    Changes to this file will be lost when it is regenerated. To correct errors in this file, edit the source .appxmanifest file.

    For more information on package manifest files, see http://go.microsoft.com/fwlink/?LinkID=241727
  -->
  <Identity Name="cd9b67d5-42ae-40da-912c-ecf6195d4a62" Publisher="CN=Jeff" Version="1.0.0.0" ProcessorArchitecture="neutral" />
  <Properties>
    <DisplayName>Html5Demo</DisplayName>
    <PublisherDisplayName>Jeff</PublisherDisplayName>
    <Logo>Assets\StoreLogo.png</Logo>
  </Properties>
  <Prerequisites>
    <OSMinVersion>6.2.1</OSMinVersion>
    <OSMaxVersionTested>6.2.1</OSMaxVersionTested>
  </Prerequisites>
  <Resources>
    <Resource Language="EN-US" />
  </Resources>
  <Applications>
    <Application Id="App" Executable="Html5Demo.exe" EntryPoint="Html5Demo.App">
      <VisualElements DisplayName="Html5Demo" Logo="Assets\Logo.png" SmallLogo="Assets\SmallLogo.png" Description="Html5Demo" ForegroundText="light" BackgroundColor="#464646">
        <DefaultTile ShowName="allLogos" />
        <SplashScreen Image="Assets\SplashScreen.png" />
      </VisualElements>
    </Application>
  </Applications>
  <Capabilities>
    <Capability Name="internetClient" />
  </Capabilities>
  <build:Metadata>
    <build:Item Name="TargetFrameworkMoniker" Value=".NETCore,Version=v4.5" />
    <build:Item Name="VisualStudio" Version="11.0" />
    <build:Item Name="OperatingSystem" Version="6.2.9200.16384 (win8_rtm.120725-1247)" />
    <build:Item Name="Microsoft.Build.AppxPackage.dll" Version="11.0.50727.1" />
    <build:Item Name="Microsoft.Windows.UI.Xaml.Build.Tasks.dll" Version="11.0.50727.1" />
    <build:Item Name="MakePri.exe" Version="6.2.9200.16384 (win8_rtm.120725-1247)" />
  </build:Metadata>
</Package>